date,heures,heuresAt,jour
2026-05-04,2,2,lun.
2026-05-06,1,1,mer.
2026-05-11,2,2,lun.
2026-05-13,1,1,mer.
2026-05-18,,2,lun.
2026-05-20,1,1,mer.
2026-05-25,2,2,lun.
2026-05-27,1,1,mer.
2026-06-01,2,2,lun.
2026-06-03,1,1,mer.
2026-06-08,2,2,lun.
2026-06-10,1,1,mer.
2026-06-15,,2,lun.
2026-06-17,,1,mer.
2026-06-22,2,2,lun.
2026-06-24,,0,mer.
2026-06-29,2,2,lun.
2026-07-01,1,1,mer.
2026-07-06,2,2,lun.
2026-07-08,1,1,mer.
2026-07-13,2,2,lun.
2026-07-15,1,1,mer.
2026-07-20,2,2,lun.
2026-07-22,1,1,mer.
2026-07-27,2,2,lun.
2026-07-29,1,1,mer.
2026-08-03,2,2,lun.
2026-08-05,1,1,mer.
2026-08-10,2,2,lun.
2026-08-12,,1,mer.
2026-08-17,,2,lun.
2026-08-19,,1,mer.
